URL,Address,URL,Walk Score (out of 100),Transit Score (out of 100),Bike Score (out of 100),Elementary School Name,Elementary School Score (out of 10),Middle School Name,Middle School Score (out of 10),High School Name,High School Score (out of 10),Address,Price,Beds,Baths,Sq Ft, Monthly Payment,Time on Redfin,Year Built,Property Type,Style,HOA Dues,Lot Size,Garage Spaces,Floor Type,Heat Type,Cool Type,Tax Amount,Zip Code,Noise Level,Flood Factor,Fire Factor,Heat Factor,Wind Factor,Predicted Price,Price Difference
https://www.redfin.com/NV/Las-Vegas/5128-Forrest-Hills-Ln-89108/home/29188510,"5128 Forrest Hills Ln,Las Vegas,NV89108",https://www.redfin.com/NV/Las-Vegas/5128-Forrest-Hills-Ln-89108/home/29188510,60,44,52,J T McWilliams Elementary School,5.0,Robert O Gibson Middle School,4.0,Western High School,1,"5128 Forrest Hills Ln,Las Vegas,NV89108",357900,3,2.0,2270,"$2,234 ",114 days,1972,"Residential, Single Family Residence",One Story,0,"6,098",1,"Carpet, Tile","Central, Gas","Central Air, Electric",1092,89108,Medium,Minimal,Minimal,Severe,Minimal,421047.1,-63147.09999999998
https://www.redfin.com/NV/Las-Vegas/1710-Shadow-Mountain-Pl-89108/home/29176292,"1710 Shadow Mountain Pl,Las Vegas,NV89108",https://www.redfin.com/NV/Las-Vegas/1710-Shadow-Mountain-Pl-89108/home/29176292,45,43,51,J T McWilliams Elementary School,5.0,Robert O Gibson Middle School,4.0,Western High School,1,"1710 Shadow Mountain Pl,Las Vegas,NV89108",509900,4,4.0,3045,"$3,132 ",122 days,1968,"Residential, Single Family Residence",One Story,0,10890,0,Carpet,"Central, Electric","Central Air, Electric",951,89108,Medium,Minimal,Minimal,Severe,Minimal,567754.99,-57854.98999999999
https://www.redfin.com/NV/Las-Vegas/4487-White-Gate-Ln-89147/home/29557603,"4487 White Gate Ln,Las Vegas,NV89147",https://www.redfin.com/NV/Las-Vegas/4487-White-Gate-Ln-89147/home/29557603,47,39,38,,,Victoria Fertitta Middle School,8.0,Durango High School,2,"4487 White Gate Ln,Las Vegas,NV89147",485000,3,3.0,2447,"$3,088 ",23 days,1999,"Residential, Single Family Residence",Two Story,0,"5,663",2,"Carpet, Tile","Central, Gas","Central Air, Electric, 2 Units",2208,89147,Medium,Moderate,Moderate,Severe,Minimal,584190.32,-99190.31999999995
https://www.redfin.com/NV/Las-Vegas/7176-Summer-Grove-Ave-89117/home/52629111,"7176 Summer Grove Ave,Las Vegas,NV89117",https://www.redfin.com/NV/Las-Vegas/7176-Summer-Grove-Ave-89117/home/52629111,40,38,48,R Guild Gray Elementary School,4.0,Clifford J Lawrence Junior High School,5.0,Spring Valley High School,5,"7176 Summer Grove Ave,Las Vegas,NV89117",689500,4,3.5,3122,"$4,616 ",21 days,2013,"Residential, Single Family Residence",Two Story,$88 ,"5,227",3,"Carpet, Tile","Central, Gas, Multiple Heating Units","Central Air, Electric, 2 Units",4798,89117,Medium,Minimal,Minimal,Severe,Minimal,801074.32,-111574.31999999995
https://www.redfin.com/NV/Las-Vegas/6570-Viewpoint-Dr-89156/home/29372600,"6570 Viewpoint Dr,Las Vegas,NV89156",https://www.redfin.com/NV/Las-Vegas/6570-Viewpoint-Dr-89156/home/29372600,54,32,49,Mountain View Elementary School,4.0,Dr. William (bob) H Bailey Middle School,3.0,Sunrise Mountain High School,1,"6570 Viewpoint Dr,Las Vegas,NV89156",505000,5,3.5,3736,"$3,328 ",32 days,1987,"Residential, Single Family Residence",One Story,0,21780,3,Carpet,"Central, Gas","Central Air, Electric",3645,89156,Low,Moderate,Major,Severe,Minimal,592864.73,-87864.72999999998
https://www.redfin.com/NV/Las-Vegas/2828-Everglade-St-89142/home/29416917,"2828 Everglade St,Las Vegas,NV89142",https://www.redfin.com/NV/Las-Vegas/2828-Everglade-St-89142/home/29416917,18,41,39,,,Kathleen & Tim Harney Middle School,4.0,Chaparral High School,2,"2828 Everglade St,Las Vegas,NV89142",232900,3,2.0,1620,"$1,545 ",170 days,2006,"Residential, Manufactured Home","Manufactured House, One Story, Manufactured Home",$60 ,"5,227",0,"Carpet, Linoleum, Vinyl","Central, Gas","Central Air, Electric",1080,89142,Medium,Minimal,Minor,Severe,Minimal,284133.95,-51233.95000000001
https://www.redfin.com/NV/Las-Vegas/6895-E-Washington-Ave-89110/home/29375283,"6895 E Washington Ave,Las Vegas,NV89110",https://www.redfin.com/NV/Las-Vegas/6895-E-Washington-Ave-89110/home/29375283,7,0,20,Eileen Brookman Elementary School,4.0,Dr. William (bob) H Bailey Middle School,3.0,Eldorado High School,1,"6895 E Washington Ave,Las Vegas,NV89110",649000,4,2.5,3310,"$4,161 ",176 days,1984,"Residential, Single Family Residence",Two Story,$91 ,20038,3,"Carpet, Ceramic Tile","Central, Gas","Central Air, Electric",2205,89110,Medium,Minimal,Major,Severe,Minimal,700866.88,-51866.880000000005
https://www.redfin.com/NV/Las-Vegas/4796-Denaro-Dr-89135/home/29873740,"4796 Denaro Dr,Las Vegas,NV89135",https://www.redfin.com/NV/Las-Vegas/4796-Denaro-Dr-89135/home/29873740,14,0,26,,,Victoria Fertitta Middle School,8.0,Durango High School,2,"4796 Denaro Dr,Las Vegas,NV89135",579995,2,2.0,2139,"$3,996 ",18 days,2001,"Residential, Single Family Residence",One Story,$253 ,"10,454",2,"Carpet, Ceramic Tile","Central, Gas, Multiple Heating Units","Central Air, Electric, 2 Units",3244,89135,Medium,Minimal,Severe,Severe,Minimal,630084.09,-50089.08999999997
https://www.redfin.com/NV/Las-Vegas/4927-Schumann-Dr-89146/home/29540283,"4927 Schumann Dr,Las Vegas,NV89146",https://www.redfin.com/NV/Las-Vegas/4927-Schumann-Dr-89146/home/29540283,82,38,57,Dr. C Owen Roundy Elementary School,4.0,Kenny C Guinn Middle School,5.0,Education W Clark High School,3,"4927 Schumann Dr,Las Vegas,NV89146",343000,3,2.5,1708,"$2,319 ",29 days,1981,"Residential, Townhouse",Two Story,$185 ,"1,307",2,Laminate,"Central, Gas","Central Air, Electric",968,89146,Medium,Minimal,Minimal,Severe,Minimal,401692.1,-58692.09999999998
https://www.redfin.com/NV/Las-Vegas/9820-Cross-Creek-Way-89117/home/29529371,"9820 Cross Creek Way,Las Vegas,NV89117",https://www.redfin.com/NV/Las-Vegas/9820-Cross-Creek-Way-89117/home/29529371,28,34,45,d'Vorre & Hall Ober Elementary School,7.0,Victoria Fertitta Middle School,8.0,Bonanza High School,3,"9820 Cross Creek Way,Las Vegas,NV89117",464900,3,2.0,1789,"$3,123 ",130 days,1990,"Residential, Single Family Residence",One Story,$31 ,"5,227",2,"Carpet, Linoleum, Vinyl","Central, Gas","Central Air, Electric",3704,89117,Medium,Minimal,Minor,Severe,Minimal,515245.98,-50345.97999999998
https://www.redfin.com/NV/Las-Vegas/66-Big-Creek-Ct-89148/home/29873413,"66 Big Creek Ct,Las Vegas,NV89148",https://www.redfin.com/NV/Las-Vegas/66-Big-Creek-Ct-89148/home/29873413,41,33,39,Don And Dee Snyder Elementary School,6.0,Wilbur & Theresa Faiss Middle School,6.0,Sierra Vista High School,2,"66 Big Creek Ct,Las Vegas,NV89148",819999,6,4.5,4503,"$5,549 ",27 days,2001,"Residential, Single Family Residence",Two Story,$120 ,"6,970",3,"Linoleum, Vinyl","Central, Gas","Central Air, Electric",6227,89148,Medium,Minimal,Severe,Severe,Minimal,908052.66,-88053.66000000003
https://www.redfin.com/NV/Las-Vegas/9622-Volk-Ave-89178/home/65556711,"9622 Volk Ave,Las Vegas,NV89178",https://www.redfin.com/NV/Las-Vegas/9622-Volk-Ave-89178/home/65556711,0,0,37,Robert L Forbuss Elementary School,7.0,Wilbur & Theresa Faiss Middle School,6.0,Sierra Vista High School,2,"9622 Volk Ave,Las Vegas,NV89178",419990,3,2.5,2145,"$2,836 ",37 days,2013,"Residential, Single Family Residence",Two Story,$97 ,"3,485",2,"Carpet, Ceramic Tile","Central, Gas","Central Air, Electric",2691,89178,Medium,Moderate,Moderate,Severe,Minimal,474061.27,-54071.27000000002
https://www.redfin.com/NV/Las-Vegas/6402-Parrot-Ridge-Ct-89139/home/52625622,"6402 Parrot Ridge Ct,Las Vegas,NV89139",https://www.redfin.com/NV/Las-Vegas/6402-Parrot-Ridge-Ct-89139/home/52625622,25,0,31,Mark L Fine Elementary School,7.0,Lawrence & Heidi Canarelli Middle School,7.0,Sierra Vista High School,2,"6402 Parrot Ridge Ct,Las Vegas,NV89139",699000,5,3.5,4147,"$4,610 ",42 days,2013,"Residential, Single Family Residence",Three Story,$25 ,"5,663",3,"Carpet, Tile","Central, Gas","Central Air, Electric",4797,89139,Low,Minimal,Major,Severe,Minimal,783131.45,-84131.44999999995
https://www.redfin.com/NV/Las-Vegas/7848-Coronado-Island-St-89139/home/29035716,"7848 Coronado Island St,Las Vegas,NV89139",https://www.redfin.com/NV/Las-Vegas/7848-Coronado-Island-St-89139/home/29035716,32,0,39,Tony Alamo Elementary School,6.0,Lawrence & Heidi Canarelli Middle School,7.0,Sierra Vista High School,2,"7848 Coronado Island St,Las Vegas,NV89139",625000,5,3.0,3314,"$4,057 ",47 days,2005,"Residential, Single Family Residence",Two Story,$25 ,"6,098",3,"Carpet, Luxury Vinyl Plank","Central, Gas","Central Air, Electric",3474,89139,Low,Minimal,Major,Severe,Minimal,700460.43,-75460.43000000005
https://www.redfin.com/NV/Las-Vegas/1044-King-Richard-Ave-89119/home/29516311,"1044 King Richard Ave,Las Vegas,NV89119",https://www.redfin.com/NV/Las-Vegas/1044-King-Richard-Ave-89119/home/29516311,26,44,44,Gene Ward Elementary School,2.0,Helen C Cannon Junior High School,4.0,Del Sol High School,3,"1044 King Richard Ave,Las Vegas,NV89119",440000,5,2.5,2673,"$2,763 ",29 days,1962,"Residential, Single Family Residence",Two Story,0,"7,405",0,,"Central, Electric","Central Air, Electric",1542,89119,Medium,Minimal,Minimal,Severe,Minimal,496830.34,-56830.340000000026
https://www.redfin.com/NV/Las-Vegas/4056-Villeroy-Ave-89141/home/29941456,"4056 Villeroy Ave,Las Vegas,NV89141",https://www.redfin.com/NV/Las-Vegas/4056-Villeroy-Ave-89141/home/29941456,19,0,31,Dennis Ortwein Elementary,7.0,Lois & Jerry Tarkanian Middle School,8.0,Desert Oasis High School,5,"4056 Villeroy Ave,Las Vegas,NV89141",495000,4,2.5,2460,"$3,202 ",28 days,2003,"Residential, Single Family Residence",Two Story,$72 ,"3,920",2,"Laminate, Tile","Central, Gas","Central Air, Electric",1989,89141,Medium,Minimal,Moderate,Severe,Minimal,577539.46,-82539.45999999996
https://www.redfin.com/NV/Las-Vegas/11264-Felice-Cohn-Ct-89179/home/109628766,"11264 Felice Cohn Ct,Las Vegas,NV89179",https://www.redfin.com/NV/Las-Vegas/11264-Felice-Cohn-Ct-89179/home/109628766,4,0,21,Jan Jones Blackhurst Elementary School,9.0,Lois & Jerry Tarkanian Middle School,8.0,Desert Oasis High School,5,"11264 Felice Cohn Ct,Las Vegas,NV89179",733000,3,2.5,3137,"$4,885 ",46 days,2014,"Residential, Single Family Residence",One Story,$40 ,"8,712",3,"Carpet, Tile","Gas, Multiple Heating Units, Solar","Central Air, Electric, 2 Units",5474,89179,Low,Minimal,Moderate,Severe,Minimal,802537.29,-69537.29000000004
https://www.redfin.com/NV/Las-Vegas/6370-Ava-Ridge-Ave-89141/home/166560053,"6370 Ava Ridge Ave,Las Vegas,NV89141",https://www.redfin.com/NV/Las-Vegas/6370-Ava-Ridge-Ave-89141/home/166560053,9,0,32,Charles & Phyllis Frias Elementary School,9.0,Lois & Jerry Tarkanian Middle School,8.0,Desert Oasis High School,5,"6370 Ava Ridge Ave,Las Vegas,NV89141",668500,5,4.0,3281,"$4,534 ",112 days,2019,"Residential, Single Family Residence",Two Story,$68 ,"4,792",2,"Carpet, Tile","Central, Electric","Central Air, Electric",5554,89141,Medium,Minimal,Minor,Severe,Minimal,762586.83,-94086.82999999996
https://www.redfin.com/NV/Las-Vegas/7424-Forest-Ivy-St-89131/home/29090098,"7424 Forest Ivy St,Las Vegas,NV89131",https://www.redfin.com/NV/Las-Vegas/7424-Forest-Ivy-St-89131/home/29090098,27,29,31,Betsey A Rhodes Elementary School,7.0,Ralph Cadwallader Middle School,7.0,Arbor View High School,5,"7424 Forest Ivy St,Las Vegas,NV89131",479000,3,2.0,1789,"$3,102 ",7 days,1997,"Residential, Single Family Residence",One Story,$33 ,"6,970",2,"Carpet, Laminate, Tile","Central, Gas","Central Air, Electric",2405,89131,Medium,Minimal,Minimal,Severe,Minimal,532748.19,-53748.189999999944
https://www.redfin.com/NV/North-Las-Vegas/6513-Grayback-Dr-89084/home/29011027,"6513 Grayback Dr,North Las Vegas,NV89084",https://www.redfin.com/NV/North-Las-Vegas/6513-Grayback-Dr-89084/home/29011027,62,27,49,Theron H & Naomi D Goynes Elementary School,5.0,Brian & Teri Cram Middle School,6.0,Legacy High School,2,"6513 Grayback Dr,North Las Vegas,NV89084",737000,5,4.5,4187,"$4,903 ",22 days,2005,"Residential, Single Family Residence",Two Story,$102 ,"7,841",2,"Carpet, Laminate, Tile","Central, Gas","Central Air, Electric, 2 Units",4661,89084,Medium,Minimal,Minimal,Severe,Minimal,797843.45,-60843.44999999995
https://www.redfin.com/NV/Las-Vegas/5973-Allanche-Ave-89141/home/28991918,"5973 Allanche Ave,Las Vegas,NV89141",https://www.redfin.com/NV/Las-Vegas/5973-Allanche-Ave-89141/home/28991918,5,0,25,Charles & Phyllis Frias Elementary School,9.0,Lois & Jerry Tarkanian Middle School,8.0,Desert Oasis High School,5,"5973 Allanche Ave,Las Vegas,NV89141",489000,3,2.5,2378,"$3,239 ",10 hours,2004,"Residential, Single Family Residence",Two Story,$109 ,"3,920",2,Tile,"Central, Gas","Central Air, Electric",2427,89141,Medium,Minimal,Major,Severe,Minimal,564449.73,-75449.72999999998
https://www.redfin.com/NV/Las-Vegas/5665-Heather-Breeze-Ct-89141/home/29900246,"5665 Heather Breeze Ct,Las Vegas,NV89141",https://www.redfin.com/NV/Las-Vegas/5665-Heather-Breeze-Ct-89141/home/29900246,6,0,28,Charles & Phyllis Frias Elementary School,9.0,Lois & Jerry Tarkanian Middle School,8.0,Desert Oasis High School,5,"5665 Heather Breeze Ct,Las Vegas,NV89141",685000,4,2.5,3076,"$4,609 ",8 hours,2003,"Residential, Single Family Residence",One Story,$113 ,"8,276",3,"Carpet, Ceramic Tile, Tile","Central, Gas, Multiple Heating Units","Central Air, Electric, 2 Units",4732,89141,Medium,Minimal,Major,Severe,Minimal,763456.96,-78456.95999999996
https://www.redfin.com/NV/Las-Vegas/7022-Solano-Canyon-Ave-89113/home/175526480,"7022 Solano Canyon Ave,Las Vegas,NV89113",https://www.redfin.com/NV/Las-Vegas/7022-Solano-Canyon-Ave-89113/home/175526480,14,0,30,Judith D Steele Elementary School,8.0,Lawrence & Heidi Canarelli Middle School,7.0,Sierra Vista High School,2,"7022 Solano Canyon Ave,Las Vegas,NV89113",645000,5,3.0,3088,"$4,278 ",9 days,2021,"Residential, Single Family Residence",Two Story,$44 ,"4,792",2,"Carpet, Tile","Central, Gas","Central Air, Electric",4464,89113,Medium,Minimal,Moderate,Severe,Minimal,710016.27,-65016.27000000002
https://www.redfin.com/NV/Las-Vegas/10143-Jeffcott-St-89178/home/29490550,"10143 Jeffcott St,Las Vegas,NV89178",https://www.redfin.com/NV/Las-Vegas/10143-Jeffcott-St-89178/home/29490550,1,0,26,Carolyn S Reedom Elementary School,5.0,Lois & Jerry Tarkanian Middle School,8.0,Desert Oasis High School,5,"10143 Jeffcott St,Las Vegas,NV89178",450000,3,2.5,2233,"$2,980 ",10 days,2007,"Residential, Single Family Residence",Two Story,$66 ,"3,485",2,"Carpet, Tile","Central, Gas","Central Air, Electric",2633,89178,Medium,Minimal,Major,Severe,Minimal,504080.92,-54080.919999999984
https://www.redfin.com/NV/Las-Vegas/10534-Midnight-Gleam-Ave-89129/home/29277397,"10534 Midnight Gleam Ave,Las Vegas,NV89129",https://www.redfin.com/NV/Las-Vegas/10534-Midnight-Gleam-Ave-89129/home/29277397,12,0,27,Eileen Conners Elementary School,6.0,Justice Myron E Leavitt Middle School,5.0,Centennial High School,5,"10534 Midnight Gleam Ave,Las Vegas,NV89129",336000,3,2.5,1611,"$2,335 ",6 hours,2007,"Residential, Townhouse",Two Story,$200 ,"1,307",2,"Carpet, Linoleum, Vinyl","Central, Gas","Central Air, Electric",1480,89129,Medium,Minimal,Moderate,Severe,Minimal,399288.18,-63288.17999999999
https://www.redfin.com/NV/Las-Vegas/8616-Vivid-Violet-Ave-89143/home/29087729,"8616 Vivid Violet Ave,Las Vegas,NV89143",https://www.redfin.com/NV/Las-Vegas/8616-Vivid-Violet-Ave-89143/home/29087729,30,22,39,James Bilbray Elementary School,8.0,Ralph Cadwallader Middle School,7.0,Arbor View High School,5,"8616 Vivid Violet Ave,Las Vegas,NV89143",550000,4,2.5,2923,"$3,658 ",9 hours,2000,"Residential, Single Family Residence",Tri-Level,$58 ,"7,405",3,"Carpet, Tile","Central, Gas","Central Air, Electric",3685,89143,Low,Minimal,Moderate,Severe,Minimal,601736.98,-51736.97999999998
https://www.redfin.com/NV/Las-Vegas/7812-Rhodora-Peak-St-89166/home/40348635,"7812 Rhodora Peak St,Las Vegas,NV89166",https://www.redfin.com/NV/Las-Vegas/7812-Rhodora-Peak-St-89166/home/40348635,7,29,26,Kenneth Divich Elementary,8.0,Edmundo Eddie Escobedo Senior Middle School,3.0,Arbor View High School,5,"7812 Rhodora Peak St,Las Vegas,NV89166",500000,4,2.5,2591,"$3,523 ",15 hours,2011,"Residential, Single Family Residence",Two Story,$100 ,"3,920",2,Tile,"Central, Gas","Central Air, Electric, 2 Units",5155,89166,Medium,Minimal,Moderate,Severe,Minimal,595802.64,-95802.64000000001
https://www.redfin.com/NV/Las-Vegas/7244-Royal-Melbourne-Dr-89131/home/29020939,"7244 Royal Melbourne Dr,Las Vegas,NV89131",https://www.redfin.com/NV/Las-Vegas/7244-Royal-Melbourne-Dr-89131/home/29020939,6,0,26,Thomas O'Roarke Elementary School,9.0,Ralph Cadwallader Middle School,7.0,Arbor View High School,5,"7244 Royal Melbourne Dr,Las Vegas,NV89131",599000,3,2.5,2667,"$4,047 ",35 hours,2006,"Residential, Single Family Residence",One Story,$125 ,"7,405",2,"Carpet, Ceramic Tile","Central, Gas","Central Air, Electric",4029,89131,Medium,Moderate,Minimal,Severe,Minimal,683633.19,-84633.18999999994
https://www.redfin.com/NV/Las-Vegas/8641-Palomino-Ranch-St-89131/home/29004340,"8641 Palomino Ranch St,Las Vegas,NV89131",https://www.redfin.com/NV/Las-Vegas/8641-Palomino-Ranch-St-89131/home/29004340,17,0,29,Kitty McDonough Ward Elementary School,8.0,Anthony Saville Middle School,5.0,Shadow Ridge High School,5,"8641 Palomino Ranch St,Las Vegas,NV89131",399900,3,2.5,2083,"$2,597 ",2 days,2004,"Residential, Single Family Residence",Two Story,$45 ,"4,356",2,"Laminate, Linoleum, Tile, Vinyl","Central, Gas","Central Air, Electric",1886,89131,Medium,Minimal,Minor,Severe,Minimal,461601.3,-61701.29999999999
https://www.redfin.com/NV/Las-Vegas/7817-Falconwing-Ave-89131/home/29090453,"7817 Falconwing Ave,Las Vegas,NV89131",https://www.redfin.com/NV/Las-Vegas/7817-Falconwing-Ave-89131/home/29090453,36,29,32,Betsey A Rhodes Elementary School,7.0,Ralph Cadwallader Middle School,7.0,Arbor View High School,5,"7817 Falconwing Ave,Las Vegas,NV89131",459900,3,2.5,2377,"$3,060 ",2 days,1999,"Residential, Single Family Residence",Two Story,$18 ,"4,356",2,"Carpet, Linoleum, Vinyl","Central, Gas","Central Air, Electric",3460,89131,Medium,Minimal,Minimal,Severe,Minimal,559531.73,-99631.72999999998
https://www.redfin.com/NV/Las-Vegas/6129-Markleham-Ave-89130/home/29094430,"6129 Markleham Ave,Las Vegas,NV89130",https://www.redfin.com/NV/Las-Vegas/6129-Markleham-Ave-89130/home/29094430,17,16,29,Joseph M Neal Elementary School,6.0,Anthony Saville Middle School,5.0,Shadow Ridge High School,5,"6129 Markleham Ave,Las Vegas,NV89130",625000,4,3.0,3468,"$4,204 ",2 days,2001,"Residential, Single Family Residence",Two Story,$50 ,"7,841",3,"Marble, Tile","Central, Gas, Multiple Heating Units","Central Air, Electric, 2 Units",4942,89130,Medium,Minimal,Minimal,Severe,Minimal,860021.64,-235021.64
https://www.redfin.com/NV/Las-Vegas/Undisclosed-address-89143/home/28983785,"Undisclosed Address,Las Vegas,NV89143",https://www.redfin.com/NV/Las-Vegas/Undisclosed-address-89143/home/28983785,9,23,28,James Bilbray Elementary School,8.0,Ralph Cadwallader Middle School,7.0,Arbor View High School,5,"Undisclosed Address,Las Vegas,NV89143",414900,4,2.5,2490,"$2,783 ",3 days,2004,"Residential, Single Family Residence",Two Story,$90 ,"5,227",2,"Carpet, Tile","Gas, Multiple Heating Units","Central Air, Electric",2506,89143,Low,Minimal,Moderate,Severe,Minimal,467287.72,-52387.71999999997
https://www.redfin.com/NV/Las-Vegas/8308-Opal-Cove-Dr-89128/home/29141967,"8308 Opal Cove Dr,Las Vegas,NV89128",https://www.redfin.com/NV/Las-Vegas/8308-Opal-Cove-Dr-89128/home/29141967,33,35,31,Marc Kahre Elementary School,5.0,Ernest Becker Middle School,7.0,Cimarron Memorial High School,3,"8308 Opal Cove Dr,Las Vegas,NV89128",605000,4,3.0,2419,"$4,140 ",4 days,1990,"Residential, Single Family Residence",Two Story,$170 ,"9,583",3,"Ceramic Tile, Laminate, Tile","Central, Gas","Central Air, Electric, 2 Units",4172,89128,Medium,Minimal,Minimal,Severe,Minimal,672438.72,-67438.71999999997
https://www.redfin.com/NV/Las-Vegas/5418-Basset-Hound-Ave-89131/home/29855243,"5418 Basset Hound Ave,Las Vegas,NV89131",https://www.redfin.com/NV/Las-Vegas/5418-Basset-Hound-Ave-89131/home/29855243,5,28,29,Howard E Heckethorn Elementary School,8.0,Anthony Saville Middle School,5.0,Shadow Ridge High School,5,"5418 Basset Hound Ave,Las Vegas,NV89131",479900,3,2.0,1934,"$3,177 ",7 days,2003,"Residential, Single Family Residence",One Story,$64 ,"6,534",3,Tile,"Central, Gas","Central Air, Electric",2872,89131,Medium,Minimal,Minimal,Severe,Minimal,599156.46,-119256.45999999996
https://www.redfin.com/NV/Las-Vegas/5430-Sharpei-Ct-89131/home/29888040,"5430 Sharpei Ct,Las Vegas,NV89131",https://www.redfin.com/NV/Las-Vegas/5430-Sharpei-Ct-89131/home/29888040,2,28,27,Howard E Heckethorn Elementary School,8.0,Anthony Saville Middle School,5.0,Shadow Ridge High School,5,"5430 Sharpei Ct,Las Vegas,NV89131",525000,3,2.0,1934,"$3,441 ",8 days,2001,"Residential, Single Family Residence",One Story,$64 ,"6,534",3,"Carpet, Tile","Central, Gas","Central Air, Electric",2796,89131,Medium,Minimal,Minimal,Severe,Minimal,586878.29,-61878.29000000004
https://www.redfin.com/NV/Las-Vegas/5942-Sunset-River-Ave-89131/home/165757315,"5942 Sunset River Ave,Las Vegas,NV89131",https://www.redfin.com/NV/Las-Vegas/5942-Sunset-River-Ave-89131/home/165757315,13,26,28,Kitty McDonough Ward Elementary School,8.0,Anthony Saville Middle School,5.0,Shadow Ridge High School,5,"5942 Sunset River Ave,Las Vegas,NV89131",724900,3,2.5,3010,"$4,866 ",14 days,2019,"Residential, Single Family Residence",One Story,$80 ,"8,276",3,Ceramic Tile,"Central, Gas","Central Air, Electric",5347,89131,Medium,Minimal,Minimal,Severe,Minimal,820509.64,-95609.64000000001
https://www.redfin.com/NV/Las-Vegas/7833-Astral-Ave-89149/home/29098328,"7833 Astral Ave,Las Vegas,NV89149",https://www.redfin.com/NV/Las-Vegas/7833-Astral-Ave-89149/home/29098328,16,24,30,Dean Lamar Allen Elementary School,6.0,Justice Myron E Leavitt Middle School,5.0,Centennial High School,5,"7833 Astral Ave,Las Vegas,NV89149",685000,4,2.5,2698,"$4,688 ",14 days,1997,"Residential, Single Family Residence",One Story,$193 ,"6,970",3,"Carpet, Hardwood, Tile","Central, Gas, Multiple Heating Units","Central Air, Electric, 2 Units",4722,89149,Medium,Moderate,Minimal,Severe,Minimal,739370.98,-54370.97999999998
https://www.redfin.com/NV/Las-Vegas/3180-Rowland-St-89108/home/29135048,"3180 Rowland St,Las Vegas,NV89108",https://www.redfin.com/NV/Las-Vegas/3180-Rowland-St-89108/home/29135048,50,0,45,Doris M Reed Elementary School,4.0,Irwin & Susan Molasky Junior High School,3.0,Cimarron Memorial High School,3,"3180 Rowland St,Las Vegas,NV89108",565000,4,2.0,2777,"$3,639 ",48 days,1976,"Residential, Single Family Residence",One Story,0,20909,0,Luxury Vinyl Plank,"Central, Gas","Central Air, Electric",3071,89108,Medium,Minimal,Minimal,Severe,Minimal,653121.54,-88121.54000000004
https://www.redfin.com/NV/Las-Vegas/10677-Auburn-Springs-Ave-89166/home/49786927,"10677 Auburn Springs Ave,Las Vegas,NV89166",https://www.redfin.com/NV/Las-Vegas/10677-Auburn-Springs-Ave-89166/home/49786927,15,0,23,Kenneth Divich Elementary,8.0,Edmundo Eddie Escobedo Senior Middle School,3.0,Centennial High School,5,"10677 Auburn Springs Ave,Las Vegas,NV89166",599900,5,3.0,2996,"$4,061 ",48 days,2013,"Residential, Single Family Residence",Two Story,$105 ,"4,792",3,"Carpet, Hardwood, Tile","Central, Gas, Multiple Heating Units","Central Air, Electric, 2 Units",4368,89166,Medium,Minimal,Moderate,Severe,Minimal,678180.56,-78280.56000000006
https://www.redfin.com/NV/Las-Vegas/10741-Marathon-Bell-Ln-89129/home/167631132,"10741 Marathon Bell Ln,Las Vegas,NV89129",https://www.redfin.com/NV/Las-Vegas/10741-Marathon-Bell-Ln-89129/home/167631132,11,0,21,Eileen Conners Elementary School,6.0,Justice Myron E Leavitt Middle School,5.0,Centennial High School,5,"10741 Marathon Bell Ln,Las Vegas,NV89129",631998,4,3.0,3575,"$4,333 ",49 days,2019,"Residential, Single Family Residence",Two Story,$45 ,"4,356",2,"Carpet, Luxury Vinyl Plank, Tile","Central, Gas","Central Air, Electric",6042,89129,Medium,Minimal,Severe,Severe,Minimal,795957.53,-163959.53000000003
https://www.redfin.com/NV/Las-Vegas/4300-Coran-Ln-89108/home/29306270,"4300 Coran Ln,Las Vegas,NV89108",https://www.redfin.com/NV/Las-Vegas/4300-Coran-Ln-89108/home/29306270,49,41,40,Twin Lakes Elementary School,4.0,J Harold Brinley Middle School,2.0,Western High School,1,"4300 Coran Ln,Las Vegas,NV89108",400000,4,3.5,2757,"$2,526 ",49 days,1963,"Residential, Single Family Residence",Two Story,0,"7,405",2,"Carpet, Laminate, Tile","Central, Electric","Central Air, Electric",1574,89108,Medium,Minimal,Minimal,Severe,Minimal,461202.63,-61202.630000000005
https://www.redfin.com/NV/North-Las-Vegas/4660-Ridgeley-Ave-89084/unit-101/home/167601021,"4660 Ridgeley Ave #101,North Las Vegas,NV89084",https://www.redfin.com/NV/North-Las-Vegas/4660-Ridgeley-Ave-89084/unit-101/home/167601021,2,30,27,Howard E Heckethorn Elementary School,8.0,Anthony Saville Middle School,5.0,Shadow Ridge High School,5,"4660 Ridgeley Ave #101,North Las Vegas,NV89084",311000,2,2.0,1162,"$2,273 ",28 days,2020,"Residential, Townhouse",Two Story,$216 ,"1,307",1,"Carpet, Linoleum, Vinyl","Gas, High Efficiency","Electric, High Efficiency",2333,89084,Medium,Minimal,Minimal,Severe,Minimal,363309.21,-52309.21000000002
https://www.redfin.com/NV/Las-Vegas/5704-Sligo-St-89130/home/29094334,"5704 Sligo St,Las Vegas,NV89130",https://www.redfin.com/NV/Las-Vegas/5704-Sligo-St-89130/home/29094334,23,26,36,Joseph M Neal Elementary School,6.0,Anthony Saville Middle School,5.0,Shadow Ridge High School,5,"5704 Sligo St,Las Vegas,NV89130",599900,5,4.5,3352,"$3,821 ",28 days,1997,"Residential, Single Family Residence",Two Story,0,"7,405",3,"Laminate, Marble, Tile","Central, Gas, Multiple Heating Units","Central Air, Electric, 2 Units",2751,89130,Medium,Minimal,Minimal,Severe,Minimal,730671.15,-130771.15000000002
https://www.redfin.com/NV/Las-Vegas/9610-Shadow-Cliff-Ave-89166/home/109871707,"9610 Shadow Cliff Ave,Las Vegas,NV89166",https://www.redfin.com/NV/Las-Vegas/9610-Shadow-Cliff-Ave-89166/home/109871707,19,29,27,Kenneth Divich Elementary,8.0,Edmundo Eddie Escobedo Senior Middle School,3.0,Arbor View High School,5,"9610 Shadow Cliff Ave,Las Vegas,NV89166",589900,3,3.5,2865,"$4,083 ",30 days,2018,"Residential, Single Family Residence",Two Story,$138 ,"4,356",2,"Carpet, Laminate","Electric, High Efficiency","Electric, High Efficiency",4952,89166,Medium,Minimal,Moderate,Severe,Minimal,676026.14,-86126.14000000001
https://www.redfin.com/NV/Las-Vegas/3720-Crescent-Canyon-St-89129/home/29125890,"3720 Crescent Canyon St,Las Vegas,NV89129",https://www.redfin.com/NV/Las-Vegas/3720-Crescent-Canyon-St-89129/home/29125890,25,33,34,Edith Garehime Elementary School,6.0,Irwin & Susan Molasky Junior High School,3.0,Centennial High School,5,"3720 Crescent Canyon St,Las Vegas,NV89129",559999,4,3.0,3083,"$3,583 ",32 days,1996,"Residential, Single Family Residence",Two Story,$17 ,"5,227",3,"Carpet, Laminate, Tile","Central, Gas, Solar","Central Air, Electric",2552,89129,Medium,Moderate,Minimal,Severe,Minimal,610799.77,-50800.77000000002
https://www.redfin.com/NV/Las-Vegas/9065-Big-Plantation-Ave-89143/home/29011015,"9065 Big Plantation Ave,Las Vegas,NV89143",https://www.redfin.com/NV/Las-Vegas/9065-Big-Plantation-Ave-89143/home/29011015,18,24,30,James Bilbray Elementary School,8.0,Ralph Cadwallader Middle School,7.0,Arbor View High School,5,"9065 Big Plantation Ave,Las Vegas,NV89143",479000,4,3.0,2816,"$3,154 ",35 days,2005,"Residential, Single Family Residence",Two Story,$60 ,"4,792",3,"Carpet, Tile","Central, Gas","Central Air, Electric, 2 Units",2711,89143,Low,Minimal,Moderate,Severe,Minimal,532950.99,-53950.98999999999
https://www.redfin.com/NV/Las-Vegas/6005-Cabo-San-Lucas-Ave-89131/home/29014358,"6005 Cabo San Lucas Ave,Las Vegas,NV89131",https://www.redfin.com/NV/Las-Vegas/6005-Cabo-San-Lucas-Ave-89131/home/29014358,4,0,25,Kitty McDonough Ward Elementary School,8.0,Anthony Saville Middle School,5.0,Shadow Ridge High School,5,"6005 Cabo San Lucas Ave,Las Vegas,NV89131",699995,6,4.0,4234,"$4,607 ",38 days,2005,"Residential, Single Family Residence",Two Story,$65 ,"8,276",3,"Carpet, Laminate","Central, Gas","Central Air, Electric",4209,89131,Medium,Minimal,Moderate,Severe,Minimal,763270.26,-63275.26000000001
https://www.redfin.com/NV/Las-Vegas/8909-Briar-Bay-Dr-89131/home/29021214,"8909 Briar Bay Dr,Las Vegas,NV89131",https://www.redfin.com/NV/Las-Vegas/8909-Briar-Bay-Dr-89131/home/29021214,5,0,26,Thomas O'Roarke Elementary School,9.0,Ralph Cadwallader Middle School,7.0,Arbor View High School,5,"8909 Briar Bay Dr,Las Vegas,NV89131",399400,4,3.5,2335,"$2,875 ",45 days,2006,"Residential, Townhouse",Two Story,$261 ,"3,485",2,"Carpet, Ceramic Tile","Central, Gas","Central Air, Electric",2665,89131,Medium,Moderate,Minimal,Severe,Minimal,455332.35,-55932.34999999998
https://www.redfin.com/NV/Las-Vegas/9706-Meeks-Bay-Ave-89148/home/29896824,"9706 Meeks Bay Ave,Las Vegas,NV89148",https://www.redfin.com/NV/Las-Vegas/9706-Meeks-Bay-Ave-89148/home/29896824,51,41,43,,,Victoria Fertitta Middle School,8.0,Durango High School,2,"9706 Meeks Bay Ave,Las Vegas,NV89148",319900,2,2.0,1612,"$2,226 ",29 hours,2002,"Residential, Townhouse",One Story,$140 ,"3,920",2,"Carpet, Concrete, Tile","Central, Gas","Central Air, Electric",2041,89148,Medium,Minimal,Severe,Severe,Minimal,372279.58,-52379.580000000016
https://www.redfin.com/NV/Las-Vegas/4525-Amherst-Ln-89107/home/29343052,"4525 Amherst Ln,Las Vegas,NV89107",https://www.redfin.com/NV/Las-Vegas/4525-Amherst-Ln-89107/home/29343052,81,40,50,E W Griffith Elementary School,4.0,Hyde Park Middle School,7.0,Western High School,1,"4525 Amherst Ln,Las Vegas,NV89107",350000,3,2.0,1770,"$2,175 ",1 day,1961,"Residential, Single Family Residence",One Story,0,"6,534",0,"Laminate, Luxury Vinyl Plank","Central, Electric","Central Air, Electric",957,89107,Medium,Minimal,Minimal,Severe,Minimal,429841.54,-79841.53999999998
https://www.redfin.com/NV/Las-Vegas/528-Crimson-View-Pl-89144/home/29112581,"528 Crimson View Pl,Las Vegas,NV89144",https://www.redfin.com/NV/Las-Vegas/528-Crimson-View-Pl-89144/home/29112581,32,32,32,John W Bonner Elementary School,9.0,Sig Rogich Middle School,8.0,Palo Verde High School,6,"528 Crimson View Pl,Las Vegas,NV89144",389999,3,2.5,1809,"$2,814 ",2 days,1999,"Residential, Townhouse",Two Story,$317 ,"2,614",2,"Carpet, Ceramic Tile","Central, Gas","Central Air, Electric",1944,89144,Medium,Minimal,Moderate,Severe,Minimal,477392.65,-87393.65000000002
https://www.redfin.com/NV/Las-Vegas/7427-Catmint-St-89113/home/29035321,"7427 Catmint St,Las Vegas,NV89113",https://www.redfin.com/NV/Las-Vegas/7427-Catmint-St-89113/home/29035321,52,0,48,Judith D Steele Elementary School,8.0,Lawrence & Heidi Canarelli Middle School,7.0,Sierra Vista High School,2,"7427 Catmint St,Las Vegas,NV89113",339500,3,3.0,1502,"$2,252 ",30 days,2006,"Residential, Single Family Residence",Two Story,$60 ,"1,742",2,"Carpet, Ceramic Tile","Central, Gas","Central Air, Electric",1904,89113,Medium,Minimal,Major,Severe,Minimal,414581.29,-75081.28999999998
https://www.redfin.com/NV/Las-Vegas/1712-Hassett-Ave-89104/home/29453968,"1712 Hassett Ave,Las Vegas,NV89104",https://www.redfin.com/NV/Las-Vegas/1712-Hassett-Ave-89104/home/29453968,44,42,44,Crestwood Elementary School,4.0,John C Fremont Middle School,5.0,Valley High School,1,"1712 Hassett Ave,Las Vegas,NV89104",350000,4,2.0,2100,"$2,187 ",21 days,1954,"Residential, Single Family Residence",One Story,0,"6,534",0,Luxury Vinyl Plank,"Central, Gas","Central Air, Electric",1092,89104,Medium,Minimal,Minimal,Severe,Minimal,419223.91,-69223.90999999997
https://www.redfin.com/NV/Las-Vegas/5595-Moore-Cove-Ave-89131/home/144164447,"5595 Moore Cove Ave,Las Vegas,NV89131",https://www.redfin.com/NV/Las-Vegas/5595-Moore-Cove-Ave-89131/home/144164447,11,0,27,Kitty McDonough Ward Elementary School,8.0,Anthony Saville Middle School,5.0,Shadow Ridge High School,5,"5595 Moore Cove Ave,Las Vegas,NV89131",554000,3,2.5,2494,"$3,707 ",65 days,2017,"Residential, Single Family Residence",One Story,$36 ,"6,534",2,"Carpet, Tile","Central, Gas","Central Air, Electric",4247,89131,Medium,Minimal,Minor,Severe,Minimal,619454.21,-65454.20999999996
https://www.redfin.com/NV/Las-Vegas/7940-Quail-Harbor-St-89131/home/29908276,"7940 Quail Harbor St,Las Vegas,NV89131",https://www.redfin.com/NV/Las-Vegas/7940-Quail-Harbor-St-89131/home/29908276,53,28,37,James Bilbray Elementary School,8.0,Ralph Cadwallader Middle School,7.0,Arbor View High School,5,"7940 Quail Harbor St,Las Vegas,NV89131",499900,5,3.0,2694,"$3,281 ",68 days,2001,"Residential, Single Family Residence",Two Story,$65 ,"5,663",3,"Carpet, Tile","Central, Gas","Central Air, Electric, 2 Units",2668,89131,Medium,Minimal,Minimal,Severe,Minimal,560346.4,-60446.40000000002
https://www.redfin.com/NV/Las-Vegas/8564-Mayport-Dr-89131/home/29050365,"8564 Mayport Dr,Las Vegas,NV89131",https://www.redfin.com/NV/Las-Vegas/8564-Mayport-Dr-89131/home/29050365,2,0,27,Thomas O'Roarke Elementary School,9.0,Ralph Cadwallader Middle School,7.0,Arbor View High School,5,"8564 Mayport Dr,Las Vegas,NV89131",710000,5,4.5,3304,"$4,868 ",85 days,2008,"Residential, Single Family Residence",One Story,$249 ,"9,148",2,"Carpet, Laminate, Tile","Central, Gas","Central Air, Electric",4411,89131,Medium,Minimal,Minimal,Severe,Minimal,842617.27,-132617.27000000002
https://www.redfin.com/NV/Las-Vegas/5919-Flowering-Hill-Ct-89131/home/181106000,"5919 Flowering Hill Ct,Las Vegas,NV89131",https://www.redfin.com/NV/Las-Vegas/5919-Flowering-Hill-Ct-89131/home/181106000,7,30,28,Kay Carl Elementary School,4.0,Anthony Saville Middle School,5.0,Shadow Ridge High School,5,"5919 Flowering Hill Ct,Las Vegas,NV89131",823995,5,4.0,3556,"$5,694 ",93 days,2024,"Residential, Single Family Residence",Two Story,$77 ,"7,405",3,"Carpet, Ceramic Tile, Laminate","Central, Gas","Central Air, Electric",8200,89131,Medium,Moderate,Minimal,Severe,Minimal,944968.78,-120973.78000000003
https://www.redfin.com/NV/Las-Vegas/8836-Echo-Grande-Dr-89131/home/29008116,"8836 Echo Grande Dr,Las Vegas,NV89131",https://www.redfin.com/NV/Las-Vegas/8836-Echo-Grande-Dr-89131/home/29008116,4,0,26,Thomas O'Roarke Elementary School,9.0,Ralph Cadwallader Middle School,7.0,Arbor View High School,5,"8836 Echo Grande Dr,Las Vegas,NV89131",414000,4,3.5,2335,"$2,938 ",94 days,2004,"Residential, Townhouse",Two Story,$245 ,"3,485",2,"Carpet, Ceramic Tile","Central, Gas, Multiple Heating Units","Central Air, Electric, 2 Units",2571,89131,Medium,Moderate,Minor,Severe,Minimal,490932.3,-76932.29999999999
https://www.redfin.com/NV/Las-Vegas/9500-Wakashan-Ave-89149/unit-A/home/187220013,"9500 Wakashan Ave Unit A,Las Vegas,NV89149",https://www.redfin.com/NV/Las-Vegas/9500-Wakashan-Ave-89149/unit-A/home/187220013,34,24,35,Marshall C Darnell Elementary School,6.0,Edmundo Eddie Escobedo Senior Middle School,3.0,Centennial High School,5,"9500 Wakashan Ave Unit A,Las Vegas,NV89149",649900,4,4.0,4850,"$4,336 ",94 days,2006,"Residential, Single Family Residence",Two Story,$75 ,"6,098",3,"Carpet, Ceramic Tile, Tile","Central, Gas","Central Air, Electric",4433,89149,Medium,Minimal,Moderate,Severe,Minimal,732088.96,-82188.95999999996
https://www.redfin.com/NV/Las-Vegas/4329-San-Gabriel-Hill-Ave-89115/home/29046339,"4329 San Gabriel Hill Ave,Las Vegas,NV89115",https://www.redfin.com/NV/Las-Vegas/4329-San-Gabriel-Hill-Ave-89115/home/29046339,1,24,25,D L Dusty Dickens Elementary School,4.0,Carroll M Johnston Middle School,4.0,Legacy High School,2,"4329 San Gabriel Hill Ave,Las Vegas,NV89115",450000,5,3.0,2543,"$2,928 ",123 days,2006,"Residential, Single Family Residence",Two Story,$57 ,"6,098",3,"Carpet, Tile","Central, Electric","Central Air, Electric",2117,89115,Medium,Minimal,Minor,Severe,Minimal,557780.59,-107780.58999999997
https://www.redfin.com/NV/Las-Vegas/4821-Whisper-Lake-Ave-89131/home/29855995,"4821 Whisper Lake Ave,Las Vegas,NV89131",https://www.redfin.com/NV/Las-Vegas/4821-Whisper-Lake-Ave-89131/home/29855995,4,30,26,Howard E Heckethorn Elementary School,8.0,Anthony Saville Middle School,5.0,Shadow Ridge High School,5,"4821 Whisper Lake Ave,Las Vegas,NV89131",459900,4,2.5,2156,"$3,103 ",142 days,2001,"Residential, Single Family Residence",Two Story,$90 ,"6,534",2,"Carpet, Linoleum, Vinyl","Central, Gas","Central Air, Electric",3116,89131,Medium,Minimal,Minimal,Severe,Minimal,598612.52,-138712.52000000002
https://www.redfin.com/NV/Las-Vegas/4404-San-Gabriel-Hill-Ave-89115/home/29046544,"4404 San Gabriel Hill Ave,Las Vegas,NV89115",https://www.redfin.com/NV/Las-Vegas/4404-San-Gabriel-Hill-Ave-89115/home/29046544,1,24,25,D L Dusty Dickens Elementary School,4.0,Carroll M Johnston Middle School,4.0,Legacy High School,2,"4404 San Gabriel Hill Ave,Las Vegas,NV89115",435000,5,3.0,2543,"$2,836 ",151 days,2006,"Residential, Single Family Residence",Two Story,$57 ,"4,356",3,"Carpet, Tile","Central, Gas","Central Air, Electric",2096,89115,Medium,Minimal,Minor,Severe,Minimal,557332.59,-122332.58999999997
https://www.redfin.com/NV/Las-Vegas/2238-Rigney-Ln-89156/home/29368283,"2238 Rigney Ln,Las Vegas,NV89156",https://www.redfin.com/NV/Las-Vegas/2238-Rigney-Ln-89156/home/29368283,41,32,41,Martin Luther King Junior Elementary School,3.0,Dr. William (bob) H Bailey Middle School,3.0,Sunrise Mountain High School,1,"2238 Rigney Ln,Las Vegas,NV89156",240000,3,2.0,1440,"$1,547 ",33 days,1971,"Residential, Manufactured Home",One Story,0,"6,534",0,"Carpet, Tile","Central, Electric","Central Air, Electric",1325,89156,Low,Minimal,Minor,Severe,Minimal,300360.86,-60360.859999999986
https://www.redfin.com/NV/Las-Vegas/3640-Judson-Ave-89115/home/29364238,"3640 Judson Ave,Las Vegas,NV89115",https://www.redfin.com/NV/Las-Vegas/3640-Judson-Ave-89115/home/29364238,48,39,55,Jay W. Jeffers Elementary School,3.0,Education von Tobel Middle School,3.0,Sunrise Mountain High School,1,"3640 Judson Ave,Las Vegas,NV89115",704900,4,3.0,3225,"$4,636 ",141 days,2004,"Residential, Single Family Residence",One Story,0,20909,0,Tile,"Central, Gas","Central Air, Electric",4987,89115,Medium,Minimal,Minimal,Severe,Minimal,818964.5,-114064.5
https://www.redfin.com/NV/Las-Vegas/5171-Silica-Chalk-Ave-89115/home/65559429,"5171 Silica Chalk Ave,Las Vegas,NV89115",https://www.redfin.com/NV/Las-Vegas/5171-Silica-Chalk-Ave-89115/home/65559429,47,45,50,Zel & Mary Lowman Elementary School,3.0,Carroll M Johnston Middle School,4.0,Mojave High School,1,"5171 Silica Chalk Ave,Las Vegas,NV89115",348000,4,3.5,1874,"$2,505 ",350 days,2013,"Residential, Townhouse",Three Story,$240 ,"1,307",2,"Carpet, Tile","Central, Gas","Central Air, Electric",2170,89115,Medium,Minimal,Minimal,Severe,Minimal,421790.76,-73790.76000000001
https://www.redfin.com/NV/Las-Vegas/504-Raintree-Ln-89107/home/29193249,"504 Raintree Ln,Las Vegas,NV89107",https://www.redfin.com/NV/Las-Vegas/504-Raintree-Ln-89107/home/29193249,51,40,47,Vail Pittman Elementary School,5.0,Frank F Garside Junior High School,3.0,Western High School,1,"504 Raintree Ln,Las Vegas,NV89107",295000,2,2.0,1327,"$2,091 ",22 days,1978,"Residential, Townhouse",One Story,$242 ,"2,178",2,Laminate,"Central, Gas","Central Air, Electric",987,89107,Medium,Minimal,Minimal,Severe,Minimal,345429.68,-50429.67999999999
https://www.redfin.com/NV/Las-Vegas/6561-Avon-Ct-89108/home/29138785,"6561 Avon Ct,Las Vegas,NV89108",https://www.redfin.com/NV/Las-Vegas/6561-Avon-Ct-89108/home/29138785,38,38,46,Berkeley L Bunker Elementary School,4.0,J Harold Brinley Middle School,2.0,Cimarron Memorial High School,3,"6561 Avon Ct,Las Vegas,NV89108",404900,4,3.0,1974,"$2,982 ",157 days,1988,"Residential, Single Family Residence",Two Story,$75 ,"5,227",2,"Concrete, Ceramic Tile","Central, Gas","Central Air, Electric",5796,89108,Medium,Minimal,Minimal,Severe,Minimal,614497.62,-209597.62
https://www.redfin.com/NV/Las-Vegas/6721-Kittery-Dr-89107/home/29225724,"6721 Kittery Dr,Las Vegas,NV89107",https://www.redfin.com/NV/Las-Vegas/6721-Kittery-Dr-89107/home/29225724,54,36,46,O. K. Adcock Elementary School,4.0,Frank F Garside Junior High School,3.0,Bonanza High School,3,"6721 Kittery Dr,Las Vegas,NV89107",339999,3,3.0,1893,"$2,230 ",21 days,1983,"Residential, Single Family Residence",Two Story,0,"7,405",3,"Carpet, Ceramic Tile","Central, Gas","Central Air, Electric",2324,89107,Medium,Minimal,Minimal,Severe,Minimal,415448.0,-75449.0
https://www.redfin.com/NV/Las-Vegas/308-Wild-Plum-Ln-89107/home/29234316,"308 Wild Plum Ln,Las Vegas,NV89107",https://www.redfin.com/NV/Las-Vegas/308-Wild-Plum-Ln-89107/home/29234316,36,38,30,Red Rock Elementary School,2.0,Frank F Garside Junior High School,3.0,Western High School,1,"308 Wild Plum Ln,Las Vegas,NV89107",379900,2,2.5,2021,"$2,670 ",45 days,1990,"Residential, Single Family Residence",One Story,$225 ,"7,405",2,"Carpet, Hardwood, Tile","Central, Electric","Central Air, Electric",2041,89107,Medium,Minimal,Minimal,Severe,Minimal,453836.81,-73936.81
https://www.redfin.com/NV/Las-Vegas/601-Frederick-Ave-89106/home/29325399,"601 Frederick Ave,Las Vegas,NV89106",https://www.redfin.com/NV/Las-Vegas/601-Frederick-Ave-89106/home/29325399,53,40,42,Kit Carson Elementary School,5.0,,,Canyon Springs High School And the Leadership And,2,"601 Frederick Ave,Las Vegas,NV89106",350000,4,2.0,1624,"$2,208 ",51 days,1956,"Residential, Single Family Residence",One Story,0,"6,098",0,"Carpet, Laminate",Central,"Central Air, Electric",1347,89106,Medium,Minimal,Minimal,Severe,Minimal,402108.94,-52108.94
https://www.redfin.com/NV/Las-Vegas/7427-Catmint-St-89113/home/29035321,"7427 Catmint St,Las Vegas,NV89113",https://www.redfin.com/NV/Las-Vegas/7427-Catmint-St-89113/home/29035321,52,0,48,Judith D Steele Elementary School,8.0,Lawrence & Heidi Canarelli Middle School,7.0,Sierra Vista High School,2,"7427 Catmint St,Las Vegas,NV89113",339500,3,3.0,1502,"$2,252 ",30 days,2006,"Residential, Single Family Residence",Two Story,$60 ,"1,742",2,"Carpet, Ceramic Tile","Central, Gas","Central Air, Electric",1904,89113,Medium,Minimal,Major,Severe,Minimal,414581.29,-75081.28999999998
https://www.redfin.com/NV/Las-Vegas/1712-Hassett-Ave-89104/home/29453968,"1712 Hassett Ave,Las Vegas,NV89104",https://www.redfin.com/NV/Las-Vegas/1712-Hassett-Ave-89104/home/29453968,44,42,44,Crestwood Elementary School,4.0,John C Fremont Middle School,5.0,Valley High School,1,"1712 Hassett Ave,Las Vegas,NV89104",350000,4,2.0,2100,"$2,187 ",21 days,1954,"Residential, Single Family Residence",One Story,0,"6,534",0,Luxury Vinyl Plank,"Central, Gas","Central Air, Electric",1092,89104,Medium,Minimal,Minimal,Severe,Minimal,419223.91,-69223.90999999997
https://www.redfin.com/NV/Las-Vegas/1310-S-13th-St-89104/home/29451519,"1310 S 13th St,Las Vegas,NV89104",https://www.redfin.com/NV/Las-Vegas/1310-S-13th-St-89104/home/29451519,78,52,52,Crestwood Elementary School,4.0,John C Fremont Middle School,5.0,Valley High School,1,"1310 S 13th St,Las Vegas,NV89104",420000,4,3.0,1861,"$2,622 ",28 hours,1944,"Residential, Single Family Residence",One Story,0,"5,663",0,"Carpet, Luxury Vinyl Plank, Tile","Central, Gas","Central Air, Electric",1288,89104,Medium,Minimal,Minimal,Severe,Minimal,480923.89,-60923.890000000014
https://www.redfin.com/NV/Las-Vegas/Undisclosed-address-89104/home/29455516,"Undisclosed Address,Las Vegas,NV89104",https://www.redfin.com/NV/Las-Vegas/Undisclosed-address-89104/home/29455516,69,54,58,John S Park Elementary School,5.0,John C Fremont Middle School,5.0,Valley High School,1,"Undisclosed Address,Las Vegas,NV89104",425000,3,2.5,2096,"$2,812 ",2 days,1957,"Residential, Single Family Residence",One Story,0,"8,712",2,"Ceramic Tile, Hardwood","Central, Electric","Central Air, Electric",3209,89104,Medium,Minimal,Minimal,Severe,Minimal,578778.78,-153778.78000000003
https://www.redfin.com/NV/Las-Vegas/3637-Haleakala-Dr-89122/home/29418719,"3637 Haleakala Dr,Las Vegas,NV89122",https://www.redfin.com/NV/Las-Vegas/3637-Haleakala-Dr-89122/home/29418719,9,45,47,Hal Smith Elementary School,2.0,Kathleen & Tim Harney Middle School,4.0,Chaparral High School,2,"3637 Haleakala Dr,Las Vegas,NV89122",150000,2,1.0,728,$995 ,2 days,1976,"Residential, Manufactured Home",One Story,$80 ,"3,485",0,"Carpet, Tile","Central, Gas","Central Air, Electric",200,89122,Low,Minimal,Minimal,Severe,Minimal,215780.75,-65780.75
https://www.redfin.com/NV/Las-Vegas/48-Prince-Ln-89110/home/29388621,"48 Prince Ln,Las Vegas,NV89110",https://www.redfin.com/NV/Las-Vegas/48-Prince-Ln-89110/home/29388621,58,43,44,William K. Moore Elementary School,3.0,Dell H Robison Middle School,4.0,Desert Pines High School,1,"48 Prince Ln,Las Vegas,NV89110",335000,5,2.0,1804,"$2,082 ",6 days,1963,"Residential, Single Family Residence",One Story,0,"8,712",0,"Laminate, Tile","Central, Gas","Central Air, Electric",917,89110,Medium,Minimal,Minimal,Severe,Minimal,387937.79,-52937.78999999998
https://www.redfin.com/NV/Las-Vegas/5947-Zawawi-Ct-89110/home/29396487,"5947 Zawawi Ct,Las Vegas,NV89110",https://www.redfin.com/NV/Las-Vegas/5947-Zawawi-Ct-89110/home/29396487,23,36,32,Kirk Adams Elementary School,5.0,Duane D Keller Middle School,2.0,Eldorado High School,1,"5947 Zawawi Ct,Las Vegas,NV89110",387995,4,2.5,1882,"$2,477 ",7 days,2000,"Residential, Single Family Residence",Two Story,$30 ,"5,663",3,Tile,"Central, Gas","Central Air, Electric",1490,89110,Medium,Minimal,Minor,Severe,Minimal,441606.19,-53611.19
https://www.redfin.com/NV/Las-Vegas/6109-Glacier-Ave-89156/home/29369870,"6109 Glacier Ave,Las Vegas,NV89156",https://www.redfin.com/NV/Las-Vegas/6109-Glacier-Ave-89156/home/29369870,53,32,43,Helen Herr Elementary School,3.0,Dr. William (bob) H Bailey Middle School,3.0,Sunrise Mountain High School,1,"6109 Glacier Ave,Las Vegas,NV89156",150000,5,3.0,1200,"$1,021 ",10 days,1970,"Residential, Manufactured Home",One Story,0,"6,098",0,Tile,"Central, Gas","Central Air, Electric",1473,89156,Low,Minimal,Moderate,Severe,Minimal,355766.06,-205766.06
https://www.redfin.com/NV/Las-Vegas/300-Wild-Plum-Ln-89107/home/28968764,"300 Wild Plum Ln,Las Vegas,NV89107",https://www.redfin.com/NV/Las-Vegas/300-Wild-Plum-Ln-89107/home/28968764,36,38,30,Red Rock Elementary School,2.0,Frank F Garside Junior High School,3.0,Western High School,1,"300 Wild Plum Ln,Las Vegas,NV89107",339000,3,2.0,2286,"$2,420 ",12 days,1990,"Residential, Single Family Residence",One Story,$225 ,"10,454",2,"Carpet, Linoleum, Tile, Vinyl","Central, Gas","Central Air, Electric",1987,89107,Medium,Minimal,Minimal,Severe,Minimal,404391.96,-65391.96000000002
https://www.redfin.com/NV/Las-Vegas/4620-High-Anchor-St-89121/home/113713515,"4620 High Anchor St,Las Vegas,NV89121",https://www.redfin.com/NV/Las-Vegas/4620-High-Anchor-St-89121/home/113713515,61,38,52,George E Harris Elementary School,4.0,C W Woodbury Middle School,2.0,Chaparral High School,2,"4620 High Anchor St,Las Vegas,NV89121",578000,4,2.5,2426,"$3,766 ",12 days,2017,"Residential, Single Family Residence",Two Story,0,"5,663",3,Tile,"Central, Gas","Central Air, Electric, Refrigerated",3658,89121,Medium,Minimal,Minimal,Severe,Minimal,630578.24,-52578.23999999999
https://www.redfin.com/NV/Las-Vegas/7177-Laramie-Ave-89113/home/29035417,"7177 Laramie Ave,Las Vegas,NV89113",https://www.redfin.com/NV/Las-Vegas/7177-Laramie-Ave-89113/home/29035417,66,0,48,Judith D Steele Elementary School,8.0,Lawrence & Heidi Canarelli Middle School,7.0,Sierra Vista High School,2,"7177 Laramie Ave,Las Vegas,NV89113",699900,5,3.0,3217,"$4,582 ",1 day,2007,"Residential, Single Family Residence",Two Story,$53 ,18295,2,"Carpet, Laminate","Central, Gas","Central Air, Electric",4054,89113,Medium,Minimal,Major,Severe,Minimal,784743.6,-84843.59999999998
https://www.redfin.com/NV/Las-Vegas/8244-Selenite-St-89113/home/175526609,"8244 Selenite St,Las Vegas,NV89113",https://www.redfin.com/NV/Las-Vegas/8244-Selenite-St-89113/home/175526609,7,0,26,Judith D Steele Elementary School,8.0,Lawrence & Heidi Canarelli Middle School,7.0,Sierra Vista High School,2,"8244 Selenite St,Las Vegas,NV89113",490000,4,2.5,1866,"$3,307 ",2 days,2021,"Residential, Single Family Residence",Two Story,$39 ,"3,920",2,"Carpet, Tile","Central, Gas","Central Air, Electric",4010,89113,Medium,Minimal,Major,Severe,Minimal,543962.73,-53962.72999999998
https://www.redfin.com/NV/Las-Vegas/28-Living-Edens-Ct-89148/home/29873809,"28 Living Edens Ct,Las Vegas,NV89148",https://www.redfin.com/NV/Las-Vegas/28-Living-Edens-Ct-89148/home/29873809,39,33,37,Don And Dee Snyder Elementary School,6.0,Wilbur & Theresa Faiss Middle School,6.0,Sierra Vista High School,2,"28 Living Edens Ct,Las Vegas,NV89148",819000,5,4.5,4892,"$5,597 ",6 days,2001,"Residential, Single Family Residence",Two Story,$180 ,"7,405",3,"Hardwood, Tile","Central, Gas","Central Air, Electric",6160,89148,Medium,Minimal,Severe,Severe,Minimal,873521.32,-54521.31999999995
https://www.redfin.com/NV/Las-Vegas/3730-Crellin-Cir-89120/home/29443324,"3730 Crellin Cir,Las Vegas,NV89120",https://www.redfin.com/NV/Las-Vegas/3730-Crellin-Cir-89120/home/29443324,23,30,30,Bill Y Tomiyasu Elementary School,4.0,Helen C Cannon Junior High School,4.0,Del Sol High School,3,"3730 Crellin Cir,Las Vegas,NV89120",330000,3,2.0,1754,"$2,136 ",9 hours,1977,"Residential, Single Family Residence",One Story,0,"7,841",2,Ceramic Tile,"Central, Gas","Central Air, Electric",1923,89120,High,Minimal,Minimal,Severe,Minimal,385142.89,-55142.890000000014
